[{"tag": 2994, "titleId": 30200, "icon": "premieres.png"},
 {"tag": 1083, "titleId": 30201, "icon": "cinema.png"},
 {"tag": 10000002,
  "titleId": 30202,
  "tags": [{"tag": 231079, "titleId": 30203, "icon": "watchingnow.png"},
           {"tag": 231099, "titleId": 30204, "icon": "biopicks.png"},
           {"tag": 231100, "titleId": 30205, "icon": "politics.png"},
           {"tag": 231080, "titleId": 30206, "icon": "society.png"},
           {"tag": 231101, "titleId": 30207, "icon": "historical.png"},
           {"tag": 231102, "titleId": 30208, "icon": "sport.png"},
           {"tag": 231081, "titleId": 30209, "icon": "culture.png"}],
  "icon": "documentary.png",
  "content": "files"},
 {"tag": 1045, "titleId": 30210, "icon": "series.png", "content": "tvshows"},
 {"tag": 1080, "titleId": 30211, "icon": "tvshow.png", "content": "tvshows"},
 {"tag": 1269, "titleId": 30212, "icon": "sience.png"},
 {"tag": 1048, "titleId": 30213, "icon": "drama.png"},
 {"tag": 2463, "titleId": 30214, "icon": "lovestories.png"},
 {"tag": 4038, "titleId": 30215, "icon": "melodrama.png"},
 {"tag": 1108, "titleId": 30216, "icon": "crime.png"},
 {"tag": 1049, "titleId": 30217, "icon": "screenversions.png"},
 {"tag": 231939, "titleId": 30218, "icon": "art.png"},
 {"tag": 18578, "titleId": 30219, "icon": "classics.png"},
 {"tag": 3931, "titleId": 30220, "icon": "historical.png"},
 {"tag": 1120, "titleId": 30221, "icon": "children.png"},
 {"tag": 223821, "titleId": 30222, "icon": "ourpicks.png"},
 {"tag": 1072, "titleId": 30223, "icon": "comedy.png"}]