<?xml version="1.0" encoding="UTF-8"?>
<addon id="plugin.video.yandex.zen"
    version="0.1.0"
    name="Yandex Zen"
    provider-name="Alex Bratchik">
    <requires>
        <import addon="xbmc.python" version="3.0.0"/>
        <import addon="script.module.requests"/>
    </requires>
    <extension point="xbmc.python.pluginsource" library="main.py">
        <provides>video</provides>
    </extension>
    <extension point="xbmc.addon.metadata">
        <news>First release</news>
        <summary lang="en_GB">Yandex Zen Kodi Video Addon</summary>
        <description lang="en_GB">Zen is a multi-format platform for creating and viewing content. Here you can do everything: shoot videos or short videos, write articles, share photos in posts or broadcast live - communicate with your audience in different ways.
        </description>
        <disclaimer lang="en_GB">This is a non-commercial community-supported plugin for the Yandex Zen web site. It has been created for watching Russian programs on the TV screen, just for fun and has no relation to the Yandex company
        </disclaimer>
        <summary lang="ru_RU">Дополнение Kodi для Yandex Zen</summary>
        <description lang="ru_RU">Дзен – мультиформатная платформа для создания и просмотра контента. Здесь можно всё: снимать видео или короткие ролики, писать статьи, делиться фотографиями в постах или вести прямые эфиры – общайтесь со своей аудиторией по-разному.
        </description>
        <disclaimer lang="ru_RU">Это некоммерческий плагин для веб-сайта Yandex Zen, поддерживаемый сетевым сообществом. Он создан для просмотра русских программ на экране телевизора, просто для развлечения и не имеет отношения к компании Яндекс
        </disclaimer>
        <language>ru en</language>
        <licence>GPL-3.0-or-later</licence>
        <forum>http://xbmc.ru/forum/showthread.php?t=23431</forum>
        <assets>
            <icon>icon.png</icon>
            <fanart>fanart.jpg</fanart>
            <screenshot>resources/screenshot-01.jpg</screenshot>
            <screenshot>resources/screenshot-02.jpg</screenshot>
            <screenshot>resources/screenshot-03.jpg</screenshot>
        </assets>
        <source>https://github.com/abratchik/plugin.video.yandex.zen</source>
    </extension>
</addon>
